event,ppu_frame,scanline,cycle,value,heartbeats,last_count,dma_stops,resyncs,render_reads,cpu_reads,init_actions,open_bus_reads,pattern_frames
frame,2,240,1,0,0,0,0,0,0,0,0,0,0
frame,3,240,8,0,0,0,0,0,0,0,0,0,0
write,3,241,109,239,0,0,0,0,0,0,0,0,0
frame,4,240,9,0,0,0,0,0,0,0,0,0,0
frame,5,240,1,0,0,0,0,0,0,0,0,0,0
frame,6,240,5,0,0,0,0,0,0,0,0,0,0
frame,7,240,0,0,0,0,0,0,0,0,0,0,0
frame,8,240,11,0,0,0,0,0,0,0,0,0,0
frame,9,240,9,0,0,0,0,0,0,0,0,0,0
frame,10,240,8,0,0,0,0,0,0,0,0,0,0
frame,11,240,6,0,0,0,0,0,0,0,0,0,0
frame,12,240,8,0,0,0,0,0,0,0,0,0,0
frame,13,240,6,0,0,0,0,0,0,0,0,0,0
frame,14,240,5,0,0,0,0,0,0,0,0,0,0
frame,15,240,3,0,0,0,0,0,0,0,0,0,0
frame,16,240,2,0,0,0,0,0,0,0,0,0,0
frame,17,240,0,0,0,0,0,0,0,0,0,0,0
frame,18,240,11,0,0,0,0,0,0,0,0,0,0
frame,19,240,9,0,0,0,0,0,0,0,0,0,0
frame,20,240,8,0,0,0,0,0,0,0,0,0,0
frame,21,240,6,0,0,0,0,0,0,0,0,0,0
frame,22,240,8,0,0,0,0,0,0,0,0,0,0
frame,23,240,6,0,0,0,0,0,0,0,0,0,0
frame,24,240,5,0,0,0,0,0,0,0,0,0,0
frame,25,240,3,0,0,0,0,0,0,0,0,0,0
frame,26,240,2,0,0,0,0,0,0,0,0,0,0
frame,27,240,0,0,0,0,0,0,0,0,0,0,0
frame,28,240,11,0,0,0,0,0,0,0,0,0,0
frame,29,240,9,0,0,0,0,0,0,0,0,0,0
frame,30,240,8,0,0,0,0,0,0,0,0,0,0
frame,31,240,6,0,0,0,0,0,0,0,0,0,0
frame,32,240,8,0,0,0,0,0,0,0,0,0,0
frame,33,240,6,0,0,0,0,0,0,0,0,0,0
frame,34,240,5,0,0,0,0,0,0,0,0,0,0
frame,35,240,3,0,0,0,0,0,0,0,0,0,0
frame,36,240,2,0,0,0,0,0,0,0,0,0,0
frame,37,240,0,0,0,0,0,0,0,0,0,0,0
frame,38,240,11,0,0,0,0,0,0,0,0,0,0
frame,39,240,9,0,0,0,0,0,0,0,0,0,0
frame,40,240,11,0,0,0,0,0,0,0,0,0,0
frame,41,240,9,0,0,0,0,0,0,0,0,0,0
frame,42,240,8,0,0,0,0,0,0,0,0,0,0
frame,43,240,6,0,0,0,0,0,0,0,0,0,0
frame,44,240,8,0,0,0,0,0,0,0,0,0,0
frame,45,240,6,0,0,0,0,0,0,0,0,0,0
frame,46,240,2,0,0,0,0,0,0,0,0,0,0
frame,47,240,3,0,0,0,0,0,0,0,0,0,0
frame,48,240,8,0,0,0,0,0,0,0,0,0,0
frame,49,240,6,0,0,0,0,0,0,0,0,0,0
frame,50,240,8,0,0,0,0,0,0,0,0,0,0
frame,51,240,9,0,0,0,0,0,0,0,0,0,0
frame,52,240,5,0,0,0,0,0,0,0,0,0,0
frame,53,240,6,0,0,0,0,0,0,0,0,0,0
frame,54,240,8,0,0,0,0,0,0,0,0,0,0
frame,55,240,0,0,0,0,0,0,0,0,0,0,0
frame,56,240,8,0,0,0,0,0,0,0,0,0,0
frame,57,240,0,0,0,0,0,0,0,0,0,0,0
frame,58,240,11,0,0,0,0,0,0,0,0,0,0
frame,59,240,9,0,0,0,0,0,0,0,0,0,0
frame,60,240,8,0,0,0,0,0,0,0,0,0,0
frame,61,240,6,0,0,0,0,0,0,0,0,0,0
frame,62,240,8,0,0,0,0,0,0,0,0,0,0
frame,63,240,6,0,0,0,0,0,0,0,0,0,0
frame,64,240,5,0,0,0,0,0,0,0,0,0,0
frame,65,240,3,0,0,0,0,0,0,0,0,0,0
frame,66,240,2,0,0,0,0,0,0,0,0,0,0
frame,67,240,0,0,0,0,0,0,0,0,0,0,0
frame,68,240,11,0,0,0,0,0,0,0,0,0,0
frame,69,240,9,0,0,0,0,0,0,0,0,0,0
frame,70,240,8,0,0,0,0,0,0,0,0,0,0
frame,71,240,6,0,0,0,0,0,0,0,0,0,0
frame,72,240,8,0,0,0,0,0,0,0,0,0,0
frame,73,240,6,0,0,0,0,0,0,0,0,0,0
frame,74,240,5,0,0,0,0,0,0,0,0,0,0
frame,75,240,3,0,0,0,0,0,0,0,0,0,0
frame,76,240,2,0,0,0,0,0,0,0,0,0,0
frame,77,240,0,0,0,0,0,0,0,0,0,0,0
frame,78,240,11,0,0,0,0,0,0,0,0,0,0
frame,79,240,9,0,0,0,0,0,0,0,0,0,0
frame,80,240,8,0,0,0,0,0,0,0,0,0,0
frame,81,240,6,0,0,0,0,0,0,0,0,0,0
frame,82,240,8,0,0,0,0,0,0,0,0,0,0
frame,83,240,6,0,0,0,0,0,0,0,0,0,0
frame,84,240,5,0,0,0,0,0,0,0,0,0,0
frame,85,240,3,0,0,0,0,0,0,0,0,0,0
frame,86,240,2,0,0,0,0,0,0,0,0,0,0
frame,87,240,0,0,0,0,0,0,0,0,0,0,0
frame,88,240,11,0,0,0,0,0,0,0,0,0,0
frame,89,240,9,0,0,0,0,0,0,0,0,0,0
frame,90,240,8,0,0,0,0,0,0,0,0,0,0
frame,91,240,6,0,0,0,0,0,0,0,0,0,0
frame,92,240,8,0,0,0,0,0,0,0,0,0,0
frame,93,240,6,0,0,0,0,0,0,0,0,0,0
frame,94,240,5,0,0,0,0,0,0,0,0,0,0
frame,95,240,3,0,0,0,0,0,0,0,0,0,0
frame,96,240,2,0,0,0,0,0,0,0,0,0,0
frame,97,240,0,0,0,0,0,0,0,0,0,0,0
frame,98,240,11,0,0,0,0,0,0,0,0,0,0
frame,99,240,9,0,0,0,0,0,0,0,0,0,0
frame,100,240,8,0,0,0,0,0,0,0,0,0,0
frame,101,240,6,0,0,0,0,0,0,0,0,0,0
frame,102,240,8,0,0,0,0,0,0,0,0,0,0
frame,103,240,6,0,0,0,0,0,0,0,0,0,0
frame,104,240,5,0,0,0,0,0,0,0,0,0,0
frame,105,240,3,0,0,0,0,0,0,0,0,0,0
frame,106,240,2,0,0,0,0,0,0,0,0,0,0
frame,107,240,0,0,0,0,0,0,0,0,0,0,0
frame,108,240,11,0,0,0,0,0,0,0,0,0,0
frame,109,240,9,0,0,0,0,0,0,0,0,0,0
frame,110,240,8,0,0,0,0,0,0,0,0,0,0
frame,111,240,6,0,0,0,0,0,0,0,0,0,0
frame,112,240,8,0,0,0,0,0,0,0,0,0,0
frame,113,240,6,0,0,0,0,0,0,0,0,0,0
frame,114,240,5,0,0,0,0,0,0,0,0,0,0
frame,115,240,3,0,0,0,0,0,0,0,0,0,0
frame,116,240,2,0,0,0,0,0,0,0,0,0,0
frame,117,240,0,0,0,0,0,0,0,0,0,0,0
frame,118,240,11,0,0,0,0,0,0,0,0,0,0
frame,119,240,9,0,0,0,0,0,0,0,0,0,0
frame,120,240,8,0,0,0,0,0,0,0,0,0,0
frame,121,240,6,0,0,0,0,0,0,0,0,0,0
frame,122,240,8,0,0,0,0,0,0,0,0,0,0
frame,123,240,6,0,0,0,0,0,0,0,0,0,0
write,123,241,275,47,0,0,0,0,0,0,0,0,0
frame,124,240,7,0,0,0,0,0,0,25,0,0,0
frame,125,240,2,0,0,0,0,0,0,25,0,0,0
write,125,134,288,255,0,0,0,0,0,25,0,0,0
write,125,134,306,0,0,0,0,0,0,25,1,0,0
write,125,134,324,95,0,0,0,0,0,25,1,0,0
write,125,135,1,4,0,0,0,0,0,25,1,0,0
frame,126,240,3,0,0,0,0,0,6710,25,1,0,0
write,126,251,36,79,0,0,0,0,6710,170,1,0,0
write,126,251,57,0,0,0,0,0,6710,170,1,0,0
write,126,251,75,0,1,6879,1,0,6710,170,1,0,0
frame,127,240,4,0,1,6879,1,0,14978,0,1,14978,0
write,127,251,37,79,1,6879,1,0,14978,145,1,15123,0
write,127,251,58,0,1,6879,1,0,14978,145,1,15123,0
write,127,251,76,0,2,15122,1,1,14978,145,1,15123,0
frame,128,240,6,0,2,15122,1,1,14978,0,1,15123,0
write,128,251,90,79,2,15122,1,1,14978,145,1,15123,0
write,128,251,111,0,2,15122,1,1,14978,145,1,15123,0
write,128,251,129,0,3,15122,1,1,14978,145,1,15123,0
frame,129,240,4,0,3,15122,1,1,14978,0,1,15123,0
write,129,256,54,79,3,15122,1,1,14978,145,1,15123,0
write,129,256,75,0,3,15122,1,1,14978,145,1,15123,0
write,129,256,93,0,4,15122,1,1,14978,145,1,15123,0
frame,130,240,0,0,4,15122,1,1,14978,0,1,15123,0
write,130,255,202,79,4,15122,1,1,14978,145,1,15123,0
write,130,255,223,0,4,15122,1,1,14978,145,1,15123,0
write,130,255,241,0,5,15122,1,1,14978,145,1,15123,0
frame,131,240,1,0,5,15122,1,1,14978,0,1,15123,0
write,131,256,60,79,5,15122,1,1,14978,145,1,15123,0
write,131,256,81,0,5,15122,1,1,14978,145,1,15123,0
write,131,256,99,0,6,15122,1,1,14978,145,1,15123,0
frame,132,240,3,0,6,15122,1,1,14978,0,1,15123,0
write,132,256,53,79,6,15122,1,1,14978,145,1,15123,0
write,132,256,74,0,6,15122,1,1,14978,145,1,15123,0
write,132,256,92,0,7,15122,1,1,14978,145,1,15123,0
frame,133,240,4,0,7,15122,1,1,14978,0,1,15123,0
write,133,256,54,79,7,15122,1,1,14978,145,1,15123,0
write,133,256,75,0,7,15122,1,1,14978,145,1,15123,0
write,133,256,93,0,8,15122,1,1,14978,145,1,15123,0
frame,134,240,6,0,8,15122,1,1,14978,0,1,15123,0
write,134,256,56,79,8,15122,1,1,14978,145,1,15123,0
write,134,256,77,0,8,15122,1,1,14978,145,1,15123,0
write,134,256,95,0,9,15122,1,1,14978,145,1,15123,0
frame,135,240,7,0,9,15122,1,1,14978,0,1,15123,0
write,135,256,57,79,9,15122,1,1,14978,145,1,15123,0
write,135,256,78,0,9,15122,1,1,14978,145,1,15123,0
write,135,256,96,0,10,15122,1,1,14978,145,1,15123,0
frame,136,240,0,0,10,15122,1,1,14978,0,1,15123,0
write,136,256,59,79,10,15122,1,1,14978,145,1,15123,0
write,136,256,80,0,10,15122,1,1,14978,145,1,15123,0
write,136,256,98,0,11,15122,1,1,14978,145,1,15123,0
frame,137,240,1,0,11,15122,1,1,14978,0,1,15123,0
write,137,256,60,79,11,15122,1,1,14978,145,1,15123,0
write,137,256,81,0,11,15122,1,1,14978,145,1,15123,0
write,137,256,99,0,12,15122,1,1,14978,145,1,15123,0
frame,138,240,3,0,12,15122,1,1,14978,0,1,15123,0
write,138,256,53,79,12,15122,1,1,14978,145,1,15123,0
write,138,256,74,0,12,15122,1,1,14978,145,1,15123,0
write,138,256,92,0,13,15122,1,1,14978,145,1,15123,0
frame,139,240,4,0,13,15122,1,1,14978,0,1,15123,0
write,139,256,54,79,13,15122,1,1,14978,145,1,15123,0
write,139,256,75,0,13,15122,1,1,14978,145,1,15123,0
write,139,256,93,0,14,15122,1,1,14978,145,1,15123,0
frame,140,240,6,0,14,15122,1,1,14978,0,1,15123,0
write,140,256,56,79,14,15122,1,1,14978,145,1,15123,0
write,140,256,77,0,14,15122,1,1,14978,145,1,15123,0
write,140,256,95,0,15,15122,1,1,14978,145,1,15123,0
frame,141,240,7,0,15,15122,1,1,14978,0,1,15123,0
write,141,256,57,79,15,15122,1,1,14978,145,1,15123,0
write,141,256,78,0,15,15122,1,1,14978,145,1,15123,0
write,141,256,96,0,16,15122,1,1,14978,145,1,15123,0
frame,142,240,0,0,16,15122,1,1,14978,0,1,15123,0
write,142,256,59,79,16,15122,1,1,14978,145,1,15123,0
write,142,256,80,0,16,15122,1,1,14978,145,1,15123,0
write,142,256,98,0,17,15122,1,1,14978,145,1,15123,0
frame,143,240,1,0,17,15122,1,1,14978,0,1,15123,0
write,143,256,60,79,17,15122,1,1,14978,145,1,15123,0
write,143,256,81,0,17,15122,1,1,14978,145,1,15123,0
write,143,256,99,0,18,15122,1,1,14978,145,1,15123,0
frame,144,240,3,0,18,15122,1,1,14978,0,1,15123,0
write,144,256,53,79,18,15122,1,1,14978,145,1,15123,0
write,144,256,74,0,18,15122,1,1,14978,145,1,15123,0
write,144,256,92,0,19,15122,1,1,14978,145,1,15123,0
frame,145,240,4,0,19,15122,1,1,14978,0,1,15123,0
write,145,256,54,79,19,15122,1,1,14978,145,1,15123,0
write,145,256,75,0,19,15122,1,1,14978,145,1,15123,0
write,145,256,93,0,20,15122,1,1,14978,145,1,15123,0
frame,146,240,6,0,20,15122,1,1,14978,0,1,15123,0
write,146,256,56,79,20,15122,1,1,14978,145,1,15123,0
write,146,256,77,0,20,15122,1,1,14978,145,1,15123,0
write,146,256,95,0,21,15122,1,1,14978,145,1,15123,0
frame,147,240,7,0,21,15122,1,1,14978,0,1,15123,0
write,147,256,57,79,21,15122,1,1,14978,145,1,15123,0
write,147,256,78,0,21,15122,1,1,14978,145,1,15123,0
write,147,256,96,0,22,15122,1,1,14978,145,1,15123,0
frame,148,240,0,0,22,15122,1,1,14978,0,1,15123,0
write,148,256,59,79,22,15122,1,1,14978,145,1,15123,0
write,148,256,80,0,22,15122,1,1,14978,145,1,15123,0
write,148,256,98,0,23,15122,1,1,14978,145,1,15123,0
frame,149,240,1,0,23,15122,1,1,14978,0,1,15123,0
write,149,256,60,79,23,15122,1,1,14978,145,1,15123,0
write,149,256,81,0,23,15122,1,1,14978,145,1,15123,0
write,149,256,99,0,24,15122,1,1,14978,145,1,15123,0
frame,150,240,3,0,24,15122,1,1,14978,0,1,15123,0
write,150,256,53,79,24,15122,1,1,14978,145,1,15123,0
write,150,256,74,0,24,15122,1,1,14978,145,1,15123,0
write,150,256,92,0,25,15122,1,1,14978,145,1,15123,0
frame,151,240,4,0,25,15122,1,1,14978,0,1,15123,0
write,151,256,54,79,25,15122,1,1,14978,145,1,15123,0
write,151,256,75,0,25,15122,1,1,14978,145,1,15123,0
write,151,256,93,0,26,15122,1,1,14978,145,1,15123,0
frame,152,240,6,0,26,15122,1,1,14978,0,1,15123,0
write,152,256,56,79,26,15122,1,1,14978,145,1,15123,0
write,152,256,77,0,26,15122,1,1,14978,145,1,15123,0
write,152,256,95,0,27,15122,1,1,14978,145,1,15123,0
frame,153,240,7,0,27,15122,1,1,14978,0,1,15123,0
write,153,256,57,79,27,15122,1,1,14978,145,1,15123,0
write,153,256,78,0,27,15122,1,1,14978,145,1,15123,0
write,153,256,96,0,28,15122,1,1,14978,145,1,15123,0
frame,154,240,0,0,28,15122,1,1,14978,0,1,15123,0
write,154,256,59,79,28,15122,1,1,14978,145,1,15123,0
write,154,256,80,0,28,15122,1,1,14978,145,1,15123,0
write,154,256,98,0,29,15122,1,1,14978,145,1,15123,0
frame,155,240,1,0,29,15122,1,1,14978,0,1,15123,0
write,155,256,60,79,29,15122,1,1,14978,145,1,15123,0
write,155,256,81,0,29,15122,1,1,14978,145,1,15123,0
write,155,256,99,0,30,15122,1,1,14978,145,1,15123,0
frame,156,240,3,0,30,15122,1,1,14978,0,1,15123,0
write,156,256,53,79,30,15122,1,1,14978,145,1,15123,0
write,156,256,74,0,30,15122,1,1,14978,145,1,15123,0
write,156,256,92,0,31,15122,1,1,14978,145,1,15123,0
frame,157,240,4,0,31,15122,1,1,14978,0,1,15123,0
write,157,256,54,79,31,15122,1,1,14978,145,1,15123,0
write,157,256,75,0,31,15122,1,1,14978,145,1,15123,0
write,157,256,93,0,32,15122,1,1,14978,145,1,15123,0
frame,158,240,6,0,32,15122,1,1,14978,0,1,15123,0
write,158,256,56,79,32,15122,1,1,14978,145,1,15123,0
write,158,256,77,0,32,15122,1,1,14978,145,1,15123,0
write,158,256,95,0,33,15122,1,1,14978,145,1,15123,0
frame,159,240,7,0,33,15122,1,1,14978,0,1,15123,0
write,159,256,57,79,33,15122,1,1,14978,145,1,15123,0
write,159,256,78,0,33,15122,1,1,14978,145,1,15123,0
write,159,256,96,0,34,15122,1,1,14978,145,1,15123,0
frame,160,240,0,0,34,15122,1,1,14978,0,1,15123,0
write,160,256,59,79,34,15122,1,1,14978,145,1,15123,0
write,160,256,80,0,34,15122,1,1,14978,145,1,15123,0
write,160,256,98,0,35,15122,1,1,14978,145,1,15123,0
frame,161,240,1,0,35,15122,1,1,14978,0,1,15123,0
write,161,256,60,79,35,15122,1,1,14978,145,1,15123,0
write,161,256,81,0,35,15122,1,1,14978,145,1,15123,0
write,161,256,99,0,36,15122,1,1,14978,145,1,15123,0
frame,162,240,3,0,36,15122,1,1,14978,0,1,15123,0
write,162,256,53,79,36,15122,1,1,14978,145,1,15123,0
write,162,256,74,0,36,15122,1,1,14978,145,1,15123,0
write,162,256,92,0,37,15122,1,1,14978,145,1,15123,0
frame,163,240,4,0,37,15122,1,1,14978,0,1,15123,0
write,163,256,54,79,37,15122,1,1,14978,145,1,15123,0
write,163,256,75,0,37,15122,1,1,14978,145,1,15123,0
write,163,256,93,0,38,15122,1,1,14978,145,1,15123,0
frame,164,240,6,0,38,15122,1,1,14978,0,1,15123,0
write,164,256,56,79,38,15122,1,1,14978,145,1,15123,0
write,164,256,77,0,38,15122,1,1,14978,145,1,15123,0
write,164,256,95,0,39,15122,1,1,14978,145,1,15123,0
frame,165,240,7,0,39,15122,1,1,14978,0,1,15123,0
write,165,256,57,79,39,15122,1,1,14978,145,1,15123,0
write,165,256,78,0,39,15122,1,1,14978,145,1,15123,0
write,165,256,96,0,40,15122,1,1,14978,145,1,15123,0
frame,166,240,0,0,40,15122,1,1,14978,0,1,15123,0
write,166,256,59,79,40,15122,1,1,14978,145,1,15123,0
write,166,256,80,0,40,15122,1,1,14978,145,1,15123,0
write,166,256,98,0,41,15122,1,1,14978,145,1,15123,0
frame,167,240,7,0,41,15122,1,1,14978,0,1,15123,0
write,167,255,200,79,41,15122,1,1,14978,145,1,15123,0
write,167,255,221,0,41,15122,1,1,14978,145,1,15123,0
write,167,255,239,0,42,15122,1,1,14978,145,1,15123,0
frame,168,240,0,0,42,15122,1,1,14978,0,1,15123,0
write,168,256,59,79,42,15122,1,1,14978,145,1,15123,0
write,168,256,80,0,42,15122,1,1,14978,145,1,15123,0
write,168,256,98,0,43,15122,1,1,14978,145,1,15123,0
frame,169,240,1,0,43,15122,1,1,14978,0,1,15123,0
write,169,256,60,79,43,15122,1,1,14978,145,1,15123,0
write,169,256,81,0,43,15122,1,1,14978,145,1,15123,0
write,169,256,99,0,44,15122,1,1,14978,145,1,15123,0
frame,170,240,3,0,44,15122,1,1,14978,0,1,15123,0
write,170,256,53,79,44,15122,1,1,14978,145,1,15123,0
write,170,256,74,0,44,15122,1,1,14978,145,1,15123,0
write,170,256,92,0,45,15122,1,1,14978,145,1,15123,0
frame,171,240,4,0,45,15122,1,1,14978,0,1,15123,0
write,171,256,54,79,45,15122,1,1,14978,145,1,15123,0
write,171,256,75,0,45,15122,1,1,14978,145,1,15123,0
write,171,256,93,0,46,15122,1,1,14978,145,1,15123,0
frame,172,240,6,0,46,15122,1,1,14978,0,1,15123,0
write,172,256,56,79,46,15122,1,1,14978,145,1,15123,0
write,172,256,77,0,46,15122,1,1,14978,145,1,15123,0
write,172,256,95,0,47,15122,1,1,14978,145,1,15123,0
frame,173,240,7,0,47,15122,1,1,14978,0,1,15123,0
write,173,256,57,79,47,15122,1,1,14978,145,1,15123,0
write,173,256,78,0,47,15122,1,1,14978,145,1,15123,0
write,173,256,96,0,48,15122,1,1,14978,145,1,15123,0
frame,174,240,0,0,48,15122,1,1,14978,0,1,15123,0
write,174,256,59,79,48,15122,1,1,14978,145,1,15123,0
write,174,256,80,0,48,15122,1,1,14978,145,1,15123,0
write,174,256,98,0,49,15122,1,1,14978,145,1,15123,0
frame,175,240,1,0,49,15122,1,1,14978,0,1,15123,0
write,175,256,60,79,49,15122,1,1,14978,145,1,15123,0
write,175,256,81,0,49,15122,1,1,14978,145,1,15123,0
write,175,256,99,0,50,15122,1,1,14978,145,1,15123,0
frame,176,240,3,0,50,15122,1,1,14978,0,1,15123,0
write,176,256,53,79,50,15122,1,1,14978,145,1,15123,0
write,176,256,74,0,50,15122,1,1,14978,145,1,15123,0
write,176,256,92,0,51,15122,1,1,14978,145,1,15123,0
frame,177,240,4,0,51,15122,1,1,14978,0,1,15123,0
write,177,256,54,79,51,15122,1,1,14978,145,1,15123,0
write,177,256,75,0,51,15122,1,1,14978,145,1,15123,0
write,177,256,93,0,52,15122,1,1,14978,145,1,15123,0
frame,178,240,6,0,52,15122,1,1,14978,0,1,15123,0
write,178,256,56,79,52,15122,1,1,14978,145,1,15123,0
write,178,256,77,0,52,15122,1,1,14978,145,1,15123,0
write,178,256,95,0,53,15122,1,1,14978,145,1,15123,0
frame,179,240,7,0,53,15122,1,1,14978,0,1,15123,0
write,179,256,57,79,53,15122,1,1,14978,145,1,15123,0
write,179,256,78,0,53,15122,1,1,14978,145,1,15123,0
write,179,256,96,0,54,15122,1,1,14978,145,1,15123,0
frame,180,240,0,0,54,15122,1,1,14978,0,1,15123,0
write,180,256,59,79,54,15122,1,1,14978,145,1,15123,0
write,180,256,80,0,54,15122,1,1,14978,145,1,15123,0
write,180,256,98,0,55,15122,1,1,14978,145,1,15123,0
frame,181,240,1,0,55,15122,1,1,14978,0,1,15123,0
